time,signal
0.025304794311523438,819
0.05012679100036621,857
0.0752110481262207,911
0.09993910789489746,997
0.1250910758972168,1111
0.14991116523742676,1200
0.17495989799499512,1236
0.19979596138000488,1244
0.22463488578796387,1287
0.24948692321777344,1352
0.27448296546936035,1458
0.2993769645690918,1604
0.3245360851287842,1764
0.34905099868774414,1923
0.3742649555206299,2088
0.3989551067352295,2260
0.42400383949279785,2413
0.449005126953125,2527
0.4737842082977295,2615
0.4985330104827881,2677
0.5235657691955566,2746
0.5484030246734619,2846
0.5735599994659424,2944
0.5981168746948242,3022
0.6231369972229004,3071
0.6480231285095215,2970
0.6730220317840576,2614
0.6978549957275391,2167
0.7229368686676025,1903
0.7478511333465576,1861
0.7728390693664551,1934
0.7978360652923584,2022
0.822659969329834,2054
0.8472578525543213,679
0.8734259605407715,649
0.8969070911407471,643
0.9217109680175781,680
0.9466021060943604,725
0.9715290069580078,762
0.9964599609375,785
1.0215349197387695,821
1.0461540222167969,881
1.071225881576538,961
1.0961668491363525,1038
1.1212739944458008,1098
1.1461970806121826,1135
1.171252965927124,1155
1.1960699558258057,1198
1.2211079597473145,1264
1.245668888092041,1339
1.2708139419555664,1414
1.2954697608947754,1475
1.3204338550567627,1519
1.3453388214111328,1543
1.3704278469085693,1568
1.3952889442443848,1615
1.420194149017334,1677
1.445220947265625,1700
1.4698739051818848,1539
1.494837999343872,1133
1.5195930004119873,679
1.5446648597717285,426
1.5695381164550781,371
1.5947411060333252,413
1.619143009185791,475
1.644500970840454,528
1.6692290306091309,678
1.6942338943481445,700
1.71915602684021,739
1.7442691326141357,764
1.7688219547271729,755
1.7939469814300537,731
1.818821907043457,709
1.8437628746032715,699
1.868600845336914,717
1.8935070037841797,752
1.918375015258789,809
1.9433190822601318,881
1.9682178497314453,956
1.9932618141174316,1021
2.0179641246795654,1088
2.042846918106079,1143
2.0678210258483887,1190
2.092766046524048,1232
2.1176321506500244,1294
2.1426310539245605,1346
2.167559862136841,1381
2.1924190521240234,1420
2.2171900272369385,1476
2.242318868637085,1533
2.267230987548828,1548
2.292280912399292,1362
2.316925048828125,949
2.341938018798828,530
2.366798162460327,338
2.3918888568878174,342
2.416767120361328,444
2.4417731761932373,562
2.466264009475708,836
2.491446018218994,901
2.516295909881592,949
2.5415570735931396,1005
2.566321849822998,1024
2.591201066970825,1006
2.6158018112182617,972
2.640949010848999,950
2.6657040119171143,961
2.6907620429992676,998
2.7153849601745605,1063
2.74048113822937,1127
2.76524019241333,1192
2.7903151512145996,1262
2.815040111541748,1338
2.8400940895080566,1401
2.8650388717651367,1459
2.890001058578491,1514
2.914841890335083,1568
2.9397518634796143,1610
2.9645819664001465,1655
2.989806890487671,1710
3.014580011367798,1756
3.0397441387176514,1804
3.0643210411071777,1825
3.0894558429718018,1624
3.114203929901123,1169
3.13918399810791,712
3.1638338565826416,492
3.18904185295105,486
3.213823080062866,584
3.238762140274048,706
3.263502836227417,825
3.2886741161346436,869
3.313343048095703,902
3.338189125061035,944
3.36311411857605,987
3.3882648944854736,1018
3.4132039546966553,1025
3.438246965408325,1020
3.4627981185913086,1027
3.487946033477783,1047
3.5127880573272705,1097
3.5377368927001953,1169
3.5625758171081543,1252
3.587683916091919,1337
3.6124110221862793,1414
3.637485980987549,1475
3.6623990535736084,1544
3.687215805053711,1616
3.71225905418396,1686
3.7371180057525635,1745
3.7621209621429443,1790
3.7868239879608154,1830
3.8116791248321533,1881
3.8365819454193115,1944
3.861629009246826,2001
3.886579990386963,1872
3.9128990173339844,1453
3.9361209869384766,944
3.9611639976501465,658
3.986025094985962,633
4.010932922363281,758
4.035819053649902,912
4.0610270500183105,1046
4.08578896522522,1009
4.110759973526001,1048
4.1355509757995605,1096
4.16055703163147,1161
4.185453176498413,1200
4.210532903671265,1194
4.235224008560181,1174
4.26009202003479,1170
4.284991025924683,1197
4.310122966766357,1258
4.334906816482544,1349
4.359781980514526,1453
4.384461164474487,1552
4.409512042999268,1638
4.4344871044158936,1724
4.459095001220703,1805
4.483989000320435,1877
4.509060859680176,1938
4.533921003341675,1990
4.559190988540649,2046
4.583791971206665,2109
4.608910083770752,2179
4.63374400138855,2256
4.658785104751587,2337
4.6835551261901855,2311
4.708658933639526,1981
4.7333221435546875,1426
4.7583911418914795,1003
4.783032178878784,855
4.8080830574035645,904
4.833071947097778,1044
4.857999801635742,1193
4.88262414932251,950
4.907918214797974,1028
4.932692050933838,1108
4.957604885101318,1175
4.982367038726807,1199
5.007479190826416,1168
5.032048940658569,1111
5.057415962219238,1067
5.0821919441223145,1070
5.107023000717163,1114
5.131864070892334,1175
5.156987905502319,1246
5.181869029998779,1338
5.20654296875,1435
5.231474876403809,1528
5.256572008132935,1600
5.281394004821777,1674
5.306318998336792,1734
5.331480026245117,1776
5.356161117553711,1813
5.380955934524536,1854
5.406136989593506,1920
5.430866956710815,1946
5.455920934677124,1709
5.480633974075317,1193
5.505537986755371,709
5.530166149139404,501
5.555361986160278,517
5.580115079879761,643
5.605133056640625,792
5.62981104850769,928
5.655220985412598,1012
5.679964065551758,1094
5.7049338817596436,1166
5.729887008666992,1184
5.754628896713257,1151
5.779331207275391,1101
5.8045570850372314,1073
5.829411029815674,1072
5.8543407917022705,1108
5.879246234893799,1174
5.904110908508301,1245
5.9289820194244385,1324
5.953797817230225,1414
5.97900915145874,1501
6.003741025924683,1578
6.02851414680481,1653
6.0533740520477295,1725
6.0782740116119385,1802
6.103205919265747,1884
6.128099203109741,1957
6.1528778076171875,2026
6.177878141403198,2110
6.202764987945557,2043
6.227747201919556,1617
6.252454042434692,999
6.277461051940918,576
6.302191972732544,452
6.327244997024536,509
6.352062940597534,635
6.377036094665527,756
6.402087926864624,892
6.427045822143555,939
6.451807022094727,1001
6.476791143417358,1061
6.501795053482056,1089
6.526726007461548,1084
6.5515220165252686,1066
6.576473951339722,1044
6.601463079452515,1043
6.6265339851379395,1070
6.6514739990234375,1129
6.676411867141724,1202
6.7011590003967285,1293
6.726244926452637,1387
6.750988006591797,1479
6.7759108543396,1574
6.800846815109253,1659
6.825845956802368,1728
6.850564956665039,1790
6.875690937042236,1857
6.900431871414185,1927
6.9255149364471436,2001
6.951678991317749,2073
6.975237846374512,2066
7.000014066696167,1746
7.025047063827515,1181
7.04948091506958,719
7.074648857116699,538
7.099617004394531,548
7.124598979949951,637
7.149255037307739,749
7.174428939819336,814
7.199171781539917,879
7.224153995513916,947
7.249210834503174,1019
7.274306058883667,1058
7.29894495010376,1028
7.323736190795898,967
7.348597049713135,921
7.373693943023682,918
7.398483037948608,946
7.423662900924683,995
7.448554039001465,1062
7.473282098770142,1134
7.498076915740967,1205
7.523046016693115,1270
7.547965049743652,1333
7.5728771686553955,1389
7.598199129104614,1428
7.622859001159668,1470
7.647552967071533,1515
7.6728270053863525,1562
7.697624921798706,1604
7.722429037094116,1492
7.747128009796143,1100
7.771942853927612,582
7.796781063079834,249
7.8218488693237305,161
7.846632957458496,207
7.87162184715271,297
7.896459102630615,373
7.921566963195801,754
7.94651198387146,782
7.971814870834351,831
7.996312856674194,876
8.021211862564087,884
8.046222925186157,854
8.071120023727417,827
8.095807075500488,803
8.120842933654785,804
8.145752191543579,845
8.170713901519775,912
8.195858001708984,989
8.220628023147583,1056
8.24557900428772,1125
8.270435810089111,1193
8.295398950576782,1255
8.320304870605469,1309
8.34506607055664,1353
8.370137929916382,1393
8.395053148269653,1449
8.419982194900513,1510
8.444898128509521,1570
8.469691038131714,1590
8.494659185409546,1368
8.519288063049316,879
8.544148921966553,398
8.568886995315552,170
8.593810081481934,147
8.618837118148804,217
8.643858909606934,291
8.668607950210571,336
8.693470001220703,714
8.718503952026367,734
8.743478059768677,774
8.769778966903687,826
8.793047189712524,843
8.818084955215454,827
8.842917919158936,801
8.867955923080444,786
8.892630100250244,802
8.917511940002441,840
8.942594051361084,891
8.967544078826904,940
8.992500066757202,1003
9.017460107803345,1065
9.042387008666992,1133
9.06724214553833,1193
9.09236192703247,1251
9.116956949234009,1296
9.142077922821045,1345
9.166937828063965,1389
9.191950798034668,1413
9.21671199798584,1441
9.24178409576416,1490
9.26665186882019,1476
9.29185700416565,1226
9.316340923309326,762
9.341351985931396,363
9.366186141967773,198
9.391160011291504,201
9.416077136993408,269
9.440844058990479,340
9.465770959854126,698
9.49076795578003,720
9.51568603515625,744
9.540696859359741,787
9.56541895866394,798
9.590517044067383,768
9.615237951278687,721
9.640307903289795,687
9.665026187896729,697
9.690032958984375,736
9.714905977249146,787
9.739873170852661,838
9.764676809310913,881
9.789695024490356,930
9.814532995223999,978
9.839683055877686,1035
9.864618062973022,1081
9.889679908752441,1108
9.914304971694946,1144
9.939263105392456,1187
9.964282989501953,1225
9.990844011306763,1261
10.013906002044678,1308
10.038957834243774,1373
10.063663959503174,1409
10.08876895904541,1234
10.113348960876465,805
10.138463020324707,339
10.162837982177734,93
10.188003063201904,47
10.212898015975952,90
10.238249063491821,142
10.262857913970947,164
10.287757158279419,608
10.31246280670166,601
10.33755898475647,624
10.362406015396118,661
10.387169122695923,676
10.412088871002197,666
10.437111139297485,643
10.46211314201355,626
10.48696494102478,628
10.511720895767212,662
10.536755084991455,712
10.561654090881348,766
10.586750984191895,827
10.61146092414856,889
10.636525869369507,951
10.661471128463745,995
10.686638832092285,1038
10.711481809616089,1082
10.736406087875366,1127
10.761289119720459,1165
10.786200761795044,1211
10.811155080795288,1258
10.835952997207642,1305
10.860995054244995,1364
10.885830879211426,1431
10.910801887512207,1494
10.935844898223877,1427
10.9605131149292,1095
10.985069751739502,632
11.010025024414062,332
11.035040140151978,246
11.05986213684082,276
11.084739208221436,340
11.109732866287231,393
11.134700059890747,671
11.159775018692017,668
11.184561967849731,677
11.209672927856445,711
11.23438286781311,742
11.259485960006714,738
11.283992052078247,714
11.309208154678345,691
11.333981037139893,689
11.359018087387085,707
11.383907079696655,754
11.408583879470825,819
11.433414936065674,877
11.458872079849243,935
11.483577966690063,992
11.508522033691406,1044
11.533481121063232,1091
11.558488130569458,1137
11.583340167999268,1183
11.608240842819214,1219
11.633100986480713,1258
11.658308982849121,1304
11.682940006256104,1357
11.707902908325195,1415
11.732688903808594,1478
11.757708072662354,1548
11.782536029815674,1597
11.807538032531738,1511
11.832274913787842,1200
11.857112884521484,799
11.881989002227783,540
11.907106161117554,486
11.931823968887329,547
11.956798076629639,630
11.981590986251831,689
12.00678300857544,737
12.03147292137146,755
12.056346893310547,771
12.081214904785156,785
12.10629415512085,781
12.131274938583374,759
12.156033039093018,729
12.18076491355896,713
12.205955982208252,727
12.230841875076294,784
12.255778074264526,873
12.280652046203613,951
12.305629014968872,1017
12.330509185791016,1082
12.355565071105957,1148
12.38033390045166,1216
12.405642986297607,1283
12.430022954940796,1352
12.455090999603271,1412
12.480035781860352,1470
12.504997968673706,1527
12.529892921447754,1595
12.554720163345337,1666
12.579724073410034,1734
12.604611158370972,1801
12.62952995300293,1882
12.654217004776001,1970
12.679180145263672,1993
12.70404314994812,1778
12.72885513305664,1354
12.753729104995728,960
12.77845311164856,776
12.803546905517578,761
12.828350067138672,808
12.853380918502808,868
12.878328800201416,908
12.903062105178833,672
12.92811393737793,688
12.953105926513672,730
12.977923154830933,781
13.00282907485962,806
13.029345035552979,809
13.052608966827393,810
13.077765941619873,822
13.10239291191101,853
13.127454042434692,910
13.152314901351929,984
13.17756700515747,1057
13.202250957489014,1126
13.227297067642212,1204
13.252149105072021,1280
13.27734088897705,1355
13.301952123641968,1425
13.326869010925293,1498
13.351835012435913,1577
13.37696385383606,1653
13.401550054550171,1724
13.427151918411255,1806
13.451160192489624,1880
13.47616696357727,1953
13.501078128814697,2032
13.525976181030273,2124
13.550778865814209,2212
13.576117992401123,2180
13.60088300704956,1871
13.625975131988525,1423
13.650657176971436,1107
13.675512075424194,997
13.70051097869873,1023
13.72561001777649,1095
13.750216960906982,1159
13.775118827819824,724
13.799990177154541,768
13.824826955795288,811
13.849613189697266,862
13.874491930007935,892
13.899610996246338,881
13.924472093582153,838
13.94937801361084,812
13.974375009536743,823
13.99927306175232,870
14.024173021316528,927
14.04889702796936,990
14.074294090270996,1064
14.099037885665894,1145
14.124013900756836,1221
14.148607015609741,1292
14.173654079437256,1367
14.198475122451782,1438
14.223672151565552,1496
14.248438119888306,1544
14.273447036743164,1606
14.298007011413574,1669
14.323158025741577,1725
14.348172187805176,1789
14.372805833816528,1871
14.397691011428833,1887
14.422677993774414,1643
14.447442054748535,1184
14.472378015518188,772
14.49727487564087,581
14.522221088409424,546
14.546872854232788,597
14.572012186050415,666
14.596853971481323,728
14.62196397781372,718
14.646767854690552,748
14.67154312133789,789
14.696402072906494,825
14.721460103988647,834
14.746411085128784,804
14.771289825439453,771
14.796207904815674,760
14.821237087249756,776
14.846222877502441,826
14.871029138565063,904
14.895928859710693,985
14.920916080474854,1062
14.94605016708374,1125
14.970839023590088,1184
14.99570107460022,1246
15.02071499824524,1321
15.045698165893555,1384
15.070402145385742,1433
15.095426082611084,1486
15.120375156402588,1541
15.145267963409424,1606
15.170042991638184,1672
15.194994926452637,1748
15.220035791397095,1842
15.244883060455322,1912
15.269784212112427,1789
15.294616937637329,1389
15.319359064102173,903
15.344268083572388,594
15.369045972824097,500
15.394093751907349,530
15.418757915496826,590
15.443951845169067,644
15.4686861038208,676
15.493809938430786,687
15.518447875976562,716
15.543622970581055,763
15.568428993225098,801
15.5935959815979,796
15.618520975112915,773
15.64320707321167,753
15.668001174926758,749
15.693158864974976,775
15.717979907989502,824
15.742814064025879,891
15.767606019973755,953
15.792948007583618,1023
15.817667961120605,1091
15.842727899551392,1160
15.86745810508728,1223
15.892504930496216,1278
15.91734790802002,1313
15.942152976989746,1352
15.967011213302612,1405
15.992236137390137,1467
16.01691198348999,1521
16.041960954666138,1582
16.068161010742188,1615
16.091598987579346,1459
16.116525888442993,1072
16.141536951065063,662
16.166263103485107,432
16.203318119049072,379
16.216055154800415,425
16.241070985794067,488
16.26597785949707,529
16.29102396965027,681
16.31583285331726,731
16.340914964675903,779
16.365566968917847,804
16.390620946884155,790
16.41537094116211,750
16.44014000892639,713
16.46508812904358,704
16.490056037902832,725
16.514899015426636,766
16.539780855178833,809
16.56547522544861,871
16.5940260887146,933
16.61483097076416,991
16.63948702812195,1044
16.664403915405273,1098
16.68942379951477,1143
16.714180946350098,1188
16.739354848861694,1226
16.7641019821167,1281
16.78907012939453,1348
16.813885927200317,1414
16.838825941085815,1484
16.864014148712158,1538
16.888937950134277,1458
16.913655042648315,1120
16.93859100341797,657
16.96342897415161,319
16.988579034805298,184
17.01337194442749,198
17.038135051727295,253
17.062981843948364,303
17.088209867477417,657
17.112989902496338,668
17.13779091835022,681
17.162576913833618,709
17.187602996826172,718
17.212678909301758,689
17.237582206726074,647
17.262392044067383,617
17.28729820251465,605
17.31216597557068,620
17.337157011032104,665
17.362029790878296,724
17.38690996170044,776
17.411808013916016,829
17.436716079711914,889
17.46168303489685,931
17.486613988876343,957
17.51142406463623,984
17.536482095718384,1028
17.561320066452026,1087
17.586296796798706,1138
17.611309051513672,1180
17.636035919189453,1230
17.661031007766724,1284
17.685909032821655,1340
17.71075415611267,1277
17.735522031784058,980
17.76036500930786,574
17.78519105911255,297
17.81023597717285,213
17.835114002227783,238
17.859951972961426,294
17.88475489616394,339
17.909944772720337,661
17.934738874435425,686
17.959934949874878,716
17.984504222869873,739
18.00969409942627,731
18.03453493118286,698
18.059612035751343,650
18.084216117858887,618
18.109281063079834,621
18.134124040603638,654
18.15892004966736,703
18.18356680870056,758
18.208631992340088,813
18.233524084091187,874
18.258637189865112,935
18.28365182876587,1001
18.308640956878662,1062
18.3335599899292,1109
18.358637809753418,1148
18.38343095779419,1189
18.40822720527649,1233
18.43316888809204,1288
18.458236932754517,1338
18.48304319381714,1289
18.50811004638672,1003
18.53253984451294,572
18.557591199874878,233
18.582165002822876,82
18.60717010498047,60
18.631887912750244,89
18.656975984573364,122
18.68190598487854,129
18.7068350315094,560
18.731723070144653,559
18.756845951080322,582
18.781502962112427,611
18.806507110595703,613
18.831212043762207,596
18.85641098022461,570
18.881289958953857,556
18.90636706352234,574
18.930987119674683,614
18.956253051757812,664
18.98098111152649,718
19.006001949310303,778
19.03066086769104,836
19.055658102035522,877
19.0805881023407,915
19.107236862182617,944
19.13052201271057,977
19.15546703338623,1026
19.180447101593018,1086
19.20549511909485,1146
19.230623960494995,1215
19.25527787208557,1298
19.279959201812744,1356
19.305123805999756,1227
19.329710960388184,853
19.35467505455017,431
19.379710912704468,194
19.40460181236267,130
19.430403232574463,143
19.454331874847412,174
19.47917604446411,199
19.504029989242554,584
19.529011964797974,589
19.55375099182129,606
19.578856945037842,646
19.603795051574707,684
19.628849983215332,687
19.65371608734131,672
19.678178071975708,654
19.703166007995605,661
19.72830605506897,692
19.753198862075806,744
19.778100967407227,816
19.802949905395508,900
19.82794976234436,980
19.85297203063965,1064
19.877991914749146,1140
19.902910947799683,1202
19.927654027938843,1260
19.952563047409058,1319
19.977699041366577,1384
